,#,CVE ID,CWE ID,# of Exploits,Vulnerability Type(s),Publish Date,Update Date,Score,Gained Access Level,Access,Complexity,Authentication,Conf.,Integ.,Avail.,Unnamed: 15
0,1,CVE-2018-6947,264.0,,DoS +Priv,2/28/2018,3/26/2018,7.2,None,Local,Low,Not required,Complete,Complete,Complete,"An uninitialised stack variable in the nxfuse component that is part of the Open Source DokanFS library shipped with NoMachine 6.0.66_2 and earlier allows a local low privileged user to gain elevation of privileges on Windows 7 (32 and 64bit), and denial of service for Windows 8 and 10."
1,2,CVE-2017-8702,284.0,,Priv,9/12/2017,9/21/2017,4.4,None,Local,Medium,Not required,Partial,Partial,Partial,"Windows Error Reporting (WER) in Microsoft Windows 10 Gold, 1511, and 1607, and Windows Server 2016 allows an attacker to gain greater access to sensitive information and system functionality, due to the way that WER handles and executes files, aka ""Windows Elevation of Privilege Vulnerability""."
2,3,CVE-2017-0263,264.0,,Priv,5/12/2017,4/18/2018,7.2,None,Local,Low,Not required,Complete,Complete,Complete,"The kernel-mode drivers in Microsoft Windows Server 2008 SP2 and R2 SP1, Windows 7 SP1, Windows 8.1, Windows Server 2012 Gold and R2, Windows RT 8.1, Windows 10 Gold, 1511, 1607, 1703, and Windows Server 2016 allow local users to gain privileges via a crafted application, aka ""Win32k Elevation of Privilege Vulnerability."""
3,4,CVE-2017-0246,264.0,,DoS +Priv,5/12/2017,7/7/2017,6.9,None,Local,Medium,Not required,Complete,Complete,Complete,"The Graphics Component in the kernel-mode drivers in Windows Server 2008 SP2 and R2 SP1, Windows 7 SP1, Windows 8.1, Windows Server 2012 Gold and R2, Windows RT 8.1, Windows 10 Gold, 1511, and 1607, and Windows Server 2016 allows local users to gain privileges via a crafted application or in Windows 7 for x64-based Systems and later, cause denial of service, aka ""Win32k Elevation of Privilege Vulnerability."""
4,5,CVE-2017-0193,264.0,,Priv,6/14/2017,7/7/2017,4.6,None,Local,Low,Not required,Partial,Partial,Partial,"Windows Hyper-V in Microsoft Windows Server 2008 SP2 and R2 SP1, Windows 7 SP1, Windows 8.1, Windows Server 2012 Gold and R2, Windows RT 8.1, Windows 10 Gold, 1511, 1607, 1703, and Windows Server 2016 allows an attacker to gain elevated privileges on a target guest operating system when Windows Hyper-V instruction emulation fails to properly enforce privilege levels, aka ""Hypervisor Code Integrity Elevation of Privilege Vulnerability""."
5,6,CVE-2017-0102,119.0,,Overflow +Priv,3/16/2017,7/11/2017,4.6,None,Local,Low,Not required,Partial,Partial,Partial,"Microsoft Windows Vista SP2; Windows Server 2008 SP2 and R2; Windows 7 SP1; Windows 8.1, Windows Server 2012 Gold and R2, Windows RT 8.1; Windows 10 Gold, 1511, and 1607; and Windows Server 2016 let attackers with access to targets systems gain privileges when Windows fails to properly validate buffer lengths, aka ""Windows Elevation of Privilege Vulnerability."""
6,7,CVE-2017-0101,119.0,,Overflow +Priv,3/16/2017,4/18/2018,6.8,None,Remote,Medium,Not required,Partial,Partial,Partial,"The kernel-mode drivers in Transaction Manager in Microsoft Windows Vista SP2; Windows Server 2008 SP2 and R2; Windows 7 SP1; Windows 8.1, Windows Server 2012 Gold and R2, Windows RT 8.1; Windows 10 Gold, 1511, and 1607; and Windows Server 2016 allow local users to gain privileges via a crafted application, aka ""Windows Elevation of Privilege Vulnerability."""
7,8,CVE-2017-0100,287.0,,Priv,3/16/2017,8/15/2017,4.4,None,Local,Medium,Not required,Partial,Partial,Partial,"A DCOM object in Helppane.exe in Microsoft Windows 7 SP1; Windows Server 2008 R2; Windows 8.1; Windows Server 2012 Gold and R2; Windows RT 8.1; Windows 10 Gold, 1511, and 1607; and Windows Server 2016 allows local users to gain privileges via a crafted application, aka ""Windows HelpPane Elevation of Privilege Vulnerability."""
8,9,CVE-2017-0082,264.0,,Priv,3/16/2017,7/11/2017,7.2,None,Local,Low,Not required,Complete,Complete,Complete,"The kernel-mode drivers in Microsoft Windows 10 Gold and 1511 allow local users to gain privileges via a crafted application, aka ""Win32k Elevation of Privilege Vulnerability."" This vulnerability is different from those described in CVE-2017-0024, CVE-2017-0026, CVE-2017-0056, CVE-2017-0078, CVE-2017-0079, CVE-2017-0080, and CVE-2017-0081."
9,10,CVE-2017-0081,264.0,,Priv,3/16/2017,7/11/2017,7.2,None,Local,Low,Not required,Complete,Complete,Complete,"The kernel-mode drivers in Microsoft Windows 8.1; Windows Server 2012 Gold and R2; Windows RT 8.1; Windows 10 Gold, 1511, and 1607; and Windows Server 2016 allow local users to gain privileges via a crafted application, aka ""Win32k Elevation of Privilege Vulnerability."" This vulnerability is different from those described in CVE-2017-0024, CVE-2017-0026, CVE-2017-0056, CVE-2017-0078, CVE-2017-0079, CVE-2017-0080, CVE-2017-0082."
10,11,CVE-2017-0080,264.0,,Priv,3/16/2017,7/11/2017,7.2,None,Local,Low,Not required,Complete,Complete,Complete,"The kernel-mode drivers in Microsoft Windows 10 Gold, 1511, and 1607 and Windows Server 2016 allow local users to gain privileges via a crafted application, aka ""Win32k Elevation of Privilege Vulnerability."" This vulnerability is different from those described in CVE-2017-0024, CVE-2017-0026, CVE-2017-0056, CVE-2017-0078, CVE-2017-0079, CVE-2017-0081, and CVE-2017-0082."
11,12,CVE-2017-0079,264.0,,Priv,3/16/2017,7/11/2017,7.2,None,Local,Low,Not required,Complete,Complete,Complete,"The kernel-mode drivers in Windows 8.1; Windows Server 2012 R2; Windows RT 8.1; and Windows 10 Gold, 1511, and 1607 allow local users to gain privileges via a crafted application, aka ""Win32k Elevation of Privilege Vulnerability."" This vulnerability is different from those described in CVE-2017-0024, CVE-2017-0026, CVE-2017-0056, CVE-2017-0078, CVE-2017-0080, CVE-2017-0081, and CVE-2017-0082."
12,13,CVE-2017-0078,264.0,,Priv,3/16/2017,7/11/2017,7.2,None,Local,Low,Not required,Complete,Complete,Complete,"The kernel-mode drivers in Microsoft Windows 8.1; Windows Server 2012 Gold and R2; Windows RT 8.1; Windows 10 Gold, 1511, and 1607; and Windows Server 2016 allow local users to gain privileges via a crafted application, aka ""Win32k Elevation of Privilege Vulnerability."" This vulnerability is different from those described in CVE-2017-0024, CVE-2017-0026, CVE-2017-0056, CVE-2017-0079, CVE-2017-0080, CVE-2017-0081, CVE-2017-0082."
13,14,CVE-2017-0056,264.0,,Priv,3/16/2017,7/11/2017,7.2,None,Local,Low,Not required,Complete,Complete,Complete,"The kernel-mode drivers in Microsoft Windows Vista SP2; Windows Server 2008 SP2 and R2 SP1; Windows 7 SP1; Windows 8.1; Windows Server 2012 Gold and R2; Windows RT 8.1; Windows 10 Gold, 1511, and 1607; and Windows Server 2016 allow local users to gain privileges via a crafted application, aka ""Win32k Elevation of Privilege Vulnerability."" This vulnerability is different from those described in CVE-2017-0024, CVE-2017-0026, CVE-2017-0078, CVE-2017-0079, CVE-2017-0080, CVE-2017-0081, CVE-2017-0082."
14,15,CVE-2017-0047,264.0,,Priv,3/16/2017,7/11/2017,7.2,None,Local,Low,Not required,Complete,Complete,Complete,"The Graphics Device Interface (GDI) in Microsoft Windows Vista SP2; Windows Server 2008 SP2 and R2 SP1; Windows 7 SP1; Windows 8.1; Windows Server 2012 Gold and R2; Windows RT 8.1; and Windows 10 Gold, 1511, and 1607 allows local users to gain privileges via a crafted application, aka ""Windows GDI Elevation of Privilege Vulnerability."" This vulnerability is different from those described in CVE-2017-0001, CVE-2017-0005 and CVE-2017-0025."
15,16,CVE-2017-0026,264.0,,Priv,3/16/2017,7/11/2017,7.2,None,Local,Low,Not required,Complete,Complete,Complete,"The kernel-mode drivers in Microsoft Windows 10 Gold, 1511, and 1607 and Windows Server 2016 allow local users to gain privileges via a crafted application, aka ""Win32k Elevation of Privilege Vulnerability."" This vulnerability is different from those described in CVE-2017-0024, CVE-2017-0056, CVE-2017-0078, CVE-2017-0079, CVE-2017-0080, CVE-2017-0081, and CVE-2017-0082."
16,17,CVE-2017-0025,264.0,,Priv,3/16/2017,7/11/2017,7.2,None,Local,Low,Not required,Complete,Complete,Complete,"The kernel-mode drivers in Microsoft Windows Vista; Windows Server 2008 SP2 and R2 SP1; Windows 7 SP1; Windows 8.1; Windows Server 2012 Gold and R2; Windows RT 8.1; Windows 10 Gold, 1511, and 1607; and Windows Server 2016 allow local users to gain privileges via a crafted application, aka ""Win32k Elevation of Privilege Vulnerability."" This vulnerability is different from those described in CVE-2017-0001, CVE-2017-0005, and CVE-2017-0047."
17,18,CVE-2017-0024,264.0,,Priv,3/16/2017,7/11/2017,7.2,None,Local,Low,Not required,Complete,Complete,Complete,"The kernel-mode drivers in Microsoft Windows 10 1607 and Windows Server 2016 allow local users to gain privileges via a crafted application, aka ""Win32k Elevation of Privilege Vulnerability."" This vulnerability is different from those described in CVE-2017-0026, CVE-2017-0056, CVE-2017-0078, CVE-2017-0079, CVE-2017-0080, CVE-2017-0081, and CVE-2017-0082."
18,19,CVE-2017-0005,264.0,,Priv,3/16/2017,7/11/2017,6.9,None,Local,Medium,Not required,Complete,Complete,Complete,"The Graphics Device Interface (GDI) in Microsoft Windows Vista SP2; Windows Server 2008 SP2 and R2 SP1; Windows 7 SP1; Windows 8.1; Windows Server 2012 Gold and R2; Windows RT 8.1; and Windows 10 Gold, 1511, and 1607 allows local users to gain privileges via a crafted application, aka ""Windows GDI Elevation of Privilege Vulnerability."" This vulnerability is different from those described in CVE-2017-0001, CVE-2017-0025, and CVE-2017-0047."
19,20,CVE-2017-0001,264.0,,Priv,3/16/2017,7/11/2017,7.2,None,Local,Low,Not required,Complete,Complete,Complete,"The Graphics Device Interface (GDI) in Microsoft Windows Vista SP2; Windows Server 2008 SP2 and R2 SP1; Windows 7 SP1; Windows 8.1; Windows Server 2012 Gold and R2; Windows RT 8.1; and Windows 10 Gold, 1511, and 1607 allows local users to gain privileges via a crafted application, aka ""Windows GDI Elevation of Privilege Vulnerability."" This vulnerability is different from those described in CVE-2017-0005, CVE-2017-0025, and CVE-2017-0047."
20,21,CVE-2016-7292,19.0,,Priv,12/20/2016,12/27/2016,7.2,None,Local,Low,Not required,Complete,Complete,Complete,"The Installer in Microsoft Windows Vista SP2, Windows Server 2008 SP2 and R2 SP1, Windows 7 SP1, Windows 8.1, Windows Server 2012 Gold and R2, Windows RT 8.1, Windows 10 Gold, 1511, and 1607, and Windows Server 2016 mishandles library loading, which allows local users to gain privileges via a crafted application, aka ""Windows Installer Elevation of Privilege Vulnerability."""
21,22,CVE-2016-7260,264.0,,Priv,12/20/2016,7/26/2017,7.2,None,Local,Low,Not required,Complete,Complete,Complete,"The kernel-mode drivers in Microsoft Windows Vista SP2, Windows Server 2008 SP2 and R2 SP1, Windows 7 SP1, Windows 8.1, Windows Server 2012 Gold and R2, Windows RT 8.1, Windows 10 Gold, 1511, and 1607, and Windows Server 2016 allow local users to gain privileges via a crafted application, aka ""Win32k Elevation of Privilege Vulnerability."""
22,23,CVE-2016-7259,19.0,,Priv,12/20/2016,7/26/2017,7.2,None,Local,Low,Not required,Complete,Complete,Complete,"The Graphics Component in the kernel-mode drivers in Microsoft Windows Vista SP2, Windows Server 2008 SP2 and R2 SP1, Windows 7 SP1, Windows 8.1, Windows Server 2012 Gold and R2, Windows RT 8.1, Windows 10 Gold, 1511, and 1607, and Windows Server 2016 allows local users to gain privileges via a crafted application, aka ""Win32k Elevation of Privilege Vulnerability."""
23,24,CVE-2016-7255,264.0,,Priv,11/10/2016,9/2/2017,7.2,None,Local,Low,Not required,Complete,Complete,Complete,"The kernel-mode drivers in Microsoft Windows Vista SP2, Windows Server 2008 SP2 and R2 SP1, Windows 7 SP1, Windows 8.1, Windows Server 2012 Gold and R2, Windows RT 8.1, Windows 10 Gold, 1511, and 1607, and Windows Server 2016 allow local users to gain privileges via a crafted application, aka ""Win32k Elevation of Privilege Vulnerability."""
24,25,CVE-2016-7246,264.0,,Priv,11/10/2016,7/27/2017,7.2,None,Local,Low,Not required,Complete,Complete,Complete,"The kernel-mode drivers in Microsoft Windows Server 2008 R2 SP1, Windows 7 SP1, Windows 8.1, Windows Server 2012 Gold and R2, Windows RT 8.1, Windows 10 Gold, 1511, and 1607, and Windows Server 2016 allow local users to gain privileges via a crafted application, aka ""Win32k Elevation of Privilege Vulnerability."""
25,26,CVE-2016-7238,264.0,,Priv,11/10/2016,7/27/2017,7.2,None,Local,Low,Not required,Complete,Complete,Complete,"Microsoft Windows Vista SP2, Windows Server 2008 SP2 and R2 SP1, Windows 7 SP1, Windows 8.1, Windows Server 2012 Gold and R2, Windows RT 8.1, Windows 10 Gold, 1511, and 1607, and Windows Server 2016 mishandle caching for NTLM password-change requests, which allows local users to gain privileges via a crafted application, aka ""Windows NTLM Elevation of Privilege Vulnerability."""
26,27,CVE-2016-7226,284.0,,Priv,11/10/2016,9/2/2017,3.6,None,Local,Low,Not required,Partial,Partial,None,"Virtual Hard Disk Driver in Windows 10 Gold, 1511, and 1607 and Windows Server 2016 does not properly restrict access to files, which allows local users to gain privileges via a crafted application, aka ""VHD Driver Elevation of Privilege Vulnerability."""
27,28,CVE-2016-7225,284.0,,Priv,11/10/2016,9/2/2017,3.6,None,Local,Low,Not required,Partial,Partial,None,"Virtual Hard Disk Driver in Windows 10 Gold, 1511, and 1607 and Windows Server 2016 does not properly restrict access to files, which allows local users to gain privileges via a crafted application, aka ""VHD Driver Elevation of Privilege Vulnerability."""
28,29,CVE-2016-7224,284.0,,Priv,11/10/2016,9/2/2017,3.6,None,Local,Low,Not required,Partial,Partial,None,"Virtual Hard Disk Driver in Microsoft Windows 8.1, Windows Server 2012 Gold and R2, Windows RT 8.1, Windows 10 Gold, 1511, and 1607, and Windows Server 2016 does not properly restrict access to files, which allows local users to gain privileges via a crafted application, aka ""VHD Driver Elevation of Privilege Vulnerability."""
29,30,CVE-2016-7223,284.0,,Priv,11/10/2016,7/27/2017,3.6,None,Local,Low,Not required,Partial,Partial,None,"Virtual Hard Disk Driver in Microsoft Windows 8.1, Windows Server 2012 Gold and R2, Windows RT 8.1, Windows 10 Gold, 1511, and 1607, and Windows Server 2016 does not properly restrict access to files, which allows local users to gain privileges via a crafted application, aka ""VHD Driver Elevation of Privilege Vulnerability."""
30,31,CVE-2016-7222,264.0,,Priv,11/10/2016,7/27/2017,7.2,None,Local,Low,Not required,Complete,Complete,Complete,"Task Scheduler in Microsoft Windows 10 Gold, 1511, and 1607 and Windows Server 2016 allows local users to gain privileges via a crafted UNC pathname in a task, aka ""Task Scheduler Elevation of Privilege Vulnerability."""
31,32,CVE-2016-7221,264.0,,Priv,11/10/2016,7/27/2017,7.2,None,Local,Low,Not required,Complete,Complete,Complete,"Input Method Editor (IME) in Microsoft Windows Vista SP2, Windows Server 2008 SP2 and R2 SP1, Windows 7 SP1, Windows 8.1, Windows Server 2012 Gold and R2, Windows RT 8.1, Windows 10 Gold, 1511, and 1607, and Windows Server 2016 mishandles DLL loading, which allows local users to gain privileges via unspecified vectors, aka ""Windows IME Elevation of Privilege Vulnerability."""
32,33,CVE-2016-7215,264.0,,Priv,11/10/2016,7/27/2017,7.2,None,Local,Low,Not required,Complete,Complete,Complete,"The kernel-mode drivers in Microsoft Windows Vista SP2, Windows Server 2008 SP2 and R2 SP1, Windows 7 SP1, Windows 8.1, Windows Server 2012 Gold and R2, Windows RT 8.1, Windows 10 Gold, 1511, and 1607, and Windows Server 2016 allow local users to gain privileges via a crafted application, aka ""Win32k Elevation of Privilege Vulnerability."""
33,34,CVE-2016-7211,264.0,,Priv,10/13/2016,11/28/2016,7.2,None,Local,Low,Not required,Complete,Complete,Complete,"The kernel-mode drivers in Microsoft Windows Vista SP2, Windows Server 2008 SP2 and R2 SP1, Windows 7 SP1, Windows 8.1, Windows Server 2012 Gold and R2, Windows RT 8.1, and Windows 10 Gold, 1511, and 1607 allow local users to gain privileges via a crafted application, aka ""Win32k Elevation of Privilege Vulnerability."" a different vulnerability than CVE-2016-3266, CVE-2016-3376, and CVE-2016-7185."
34,35,CVE-2016-7188,264.0,,Priv,10/13/2016,9/2/2017,7.2,None,Local,Low,Not required,Complete,Complete,Complete,"The Standard Collector Service in Windows Diagnostics Hub in Microsoft Windows 10 Gold, 1511, and 1607 mishandles library loading, which allows local users to gain privileges via a crafted application, aka ""Windows Diagnostics Hub Elevation of Privilege Vulnerability."""
35,36,CVE-2016-7185,264.0,,Priv,10/13/2016,9/2/2017,7.2,None,Local,Low,Not required,Complete,Complete,Complete,"The kernel-mode drivers in Microsoft Windows Vista SP2, Windows Server 2008 SP2 and R2 SP1, Windows 7 SP1, Windows 8.1, Windows Server 2012 Gold and R2, Windows RT 8.1, and Windows 10 Gold, 1511, and 1607 allow local users to gain privileges via a crafted application, aka ""Win32k Elevation of Privilege Vulnerability."" a different vulnerability than CVE-2016-3266, CVE-2016-3376, and CVE-2016-7211."
36,37,CVE-2016-7184,119.0,,Overflow +Priv,11/10/2016,7/27/2017,9.3,None,Remote,Medium,Not required,Complete,Complete,Complete,"The Common Log File System (CLFS) driver in Microsoft Windows Vista SP2, Windows Server 2008 SP2 and R2 SP1, Windows 7 SP1, Windows 8.1, Windows Server 2012 Gold and R2, Windows RT 8.1, Windows 10 Gold, 1511, and 1607, and Windows Server 2016 allows local users to gain privileges via a crafted application, aka ""Windows Common Log File System Driver Elevation of Privilege Vulnerability,"" a different vulnerability than CVE-2016-0026, CVE-2016-3332, CVE-2016-3333, CVE-2016-3334, CVE-2016-3335, CVE-2016-3338, CVE-2016-3340, CVE-2016-3342, and CVE-2016-3343."
37,38,CVE-2016-3376,264.0,,Priv,10/13/2016,7/29/2017,9.3,None,Remote,Medium,Not required,Complete,Complete,Complete,"The kernel-mode drivers in Microsoft Windows Vista SP2, Windows Server 2008 SP2 and R2 SP1, Windows 7 SP1, Windows 8.1, Windows Server 2012 Gold and R2, Windows RT 8.1, and Windows 10 Gold, 1511, and 1607 allow local users to gain privileges via a crafted application, aka ""Win32k Elevation of Privilege Vulnerability."" a different vulnerability than CVE-2016-3266, CVE-2016-7185, and CVE-2016-7211."
38,39,CVE-2016-3355,264.0,,Priv,9/14/2016,8/12/2017,7.2,None,Local,Low,Not required,Complete,Complete,Complete,"The Graphics Device Interface (GDI) in Microsoft Windows Vista SP2, Windows Server 2008 SP2 and R2 SP1, Windows 7 SP1, Windows 8.1, Windows Server 2012 Gold and R2, Windows RT 8.1, and Windows 10 Gold, 1511, and 1607 allows local users to gain privileges via a crafted application, aka ""GDI Elevation of Privilege Vulnerability."""
39,40,CVE-2016-3349,264.0,,Priv,9/14/2016,8/12/2017,7.2,None,Local,Low,Not required,Complete,Complete,Complete,"The kernel-mode drivers in Microsoft Windows 8.1, Windows Server 2012 Gold and R2, Windows RT 8.1, and Windows 10 Gold and 1511 allow local users to gain privileges via a crafted application, aka ""Win32k Elevation of Privilege Vulnerability."""
40,41,CVE-2016-3348,264.0,,Priv,9/14/2016,8/12/2017,9.3,None,Remote,Medium,Not required,Complete,Complete,Complete,"The kernel-mode drivers in Microsoft Windows Vista SP2, Windows Server 2008 SP2 and R2 SP1, Windows 7 SP1, Windows 8.1, Windows Server 2012 Gold and R2, Windows RT 8.1, and Windows 10 Gold, 1511, and 1607 allow local users to gain privileges via a crafted application, aka ""Win32k Elevation of Privilege Vulnerability."""
41,42,CVE-2016-3343,119.0,,Overflow +Priv,11/10/2016,7/27/2017,9.3,None,Remote,Medium,Not required,Complete,Complete,Complete,"The Common Log File System (CLFS) driver in Microsoft Windows Vista SP2, Windows Server 2008 SP2 and R2 SP1, Windows 7 SP1, Windows 8.1, Windows Server 2012 Gold and R2, Windows RT 8.1, Windows 10 Gold, 1511, and 1607, and Windows Server 2016 allows local users to gain privileges via a crafted application, aka ""Windows Common Log File System Driver Elevation of Privilege Vulnerability,"" a different vulnerability than CVE-2016-0026, CVE-2016-3332, CVE-2016-3333, CVE-2016-3334, CVE-2016-3335, CVE-2016-3338, CVE-2016-3340, CVE-2016-3342, and CVE-2016-7184."
42,43,CVE-2016-3342,119.0,,Overflow +Priv,11/10/2016,7/27/2017,9.3,None,Remote,Medium,Not required,Complete,Complete,Complete,"The Common Log File System (CLFS) driver in Microsoft Windows Vista SP2, Windows Server 2008 SP2 and R2 SP1, Windows 7 SP1, Windows 8.1, Windows Server 2012 Gold and R2, Windows RT 8.1, Windows 10 Gold, 1511, and 1607, and Windows Server 2016 allows local users to gain privileges via a crafted application, aka ""Windows Common Log File System Driver Elevation of Privilege Vulnerability,"" a different vulnerability than CVE-2016-0026, CVE-2016-3332, CVE-2016-3333, CVE-2016-3334, CVE-2016-3335, CVE-2016-3338, CVE-2016-3340, CVE-2016-3343, and CVE-2016-7184."
43,44,CVE-2016-3341,264.0,,Priv,10/13/2016,7/29/2017,9.3,None,Remote,Medium,Not required,Complete,Complete,Complete,"The kernel-mode drivers in Transaction Manager in Microsoft Windows 8.1, Windows Server 2012 Gold and R2, Windows RT 8.1, and Windows 10 Gold, 1511, and 1607 allow local users to gain privileges via a crafted application, aka ""Windows Transaction Manager Elevation of Privilege Vulnerability."""
44,45,CVE-2016-3340,119.0,,Overflow +Priv,11/10/2016,7/27/2017,9.3,None,Remote,Medium,Not required,Complete,Complete,Complete,"The Common Log File System (CLFS) driver in Microsoft Windows Vista SP2, Windows Server 2008 SP2 and R2 SP1, Windows 7 SP1, Windows 8.1, Windows Server 2012 Gold and R2, Windows RT 8.1, Windows 10 Gold, 1511, and 1607, and Windows Server 2016 allows local users to gain privileges via a crafted application, aka ""Windows Common Log File System Driver Elevation of Privilege Vulnerability,"" a different vulnerability than CVE-2016-0026, CVE-2016-3332, CVE-2016-3333, CVE-2016-3334, CVE-2016-3335, CVE-2016-3338, CVE-2016-3342, CVE-2016-3343, and CVE-2016-7184."
45,46,CVE-2016-3338,119.0,,Overflow +Priv,11/10/2016,7/27/2017,9.3,None,Remote,Medium,Not required,Complete,Complete,Complete,"The Common Log File System (CLFS) driver in Microsoft Windows Vista SP2, Windows Server 2008 SP2 and R2 SP1, Windows 7 SP1, Windows 8.1, Windows Server 2012 Gold and R2, Windows RT 8.1, Windows 10 Gold, 1511, and 1607, and Windows Server 2016 allows local users to gain privileges via a crafted application, aka ""Windows Common Log File System Driver Elevation of Privilege Vulnerability,"" a different vulnerability than CVE-2016-0026, CVE-2016-3332, CVE-2016-3333, CVE-2016-3334, CVE-2016-3335, CVE-2016-3340, CVE-2016-3342, CVE-2016-3343, and CVE-2016-7184."
46,47,CVE-2016-3335,119.0,,Overflow +Priv,11/10/2016,7/27/2017,9.3,None,Remote,Medium,Not required,Complete,Complete,Complete,"The Common Log File System (CLFS) driver in Microsoft Windows Vista SP2, Windows Server 2008 SP2 and R2 SP1, Windows 7 SP1, Windows 8.1, Windows Server 2012 Gold and R2, Windows RT 8.1, Windows 10 Gold, 1511, and 1607, and Windows Server 2016 allows local users to gain privileges via a crafted application, aka ""Windows Common Log File System Driver Elevation of Privilege Vulnerability,"" a different vulnerability than CVE-2016-0026, CVE-2016-3332, CVE-2016-3333, CVE-2016-3334, CVE-2016-3338, CVE-2016-3340, CVE-2016-3342, CVE-2016-3343, and CVE-2016-7184."
47,48,CVE-2016-3334,119.0,,Overflow +Priv,11/10/2016,7/27/2017,9.3,None,Remote,Medium,Not required,Complete,Complete,Complete,"The Common Log File System (CLFS) driver in Microsoft Windows Vista SP2, Windows Server 2008 SP2 and R2 SP1, Windows 7 SP1, Windows 8.1, Windows Server 2012 Gold and R2, Windows RT 8.1, Windows 10 Gold, 1511, and 1607, and Windows Server 2016 allows local users to gain privileges via a crafted application, aka ""Windows Common Log File System Driver Elevation of Privilege Vulnerability,"" a different vulnerability than CVE-2016-0026, CVE-2016-3332, CVE-2016-3333, CVE-2016-3335, CVE-2016-3338, CVE-2016-3340, CVE-2016-3342, CVE-2016-3343, and CVE-2016-7184."
48,49,CVE-2016-3333,119.0,,Overflow +Priv,11/10/2016,7/27/2017,9.3,None,Remote,Medium,Not required,Complete,Complete,Complete,"The Common Log File System (CLFS) driver in Microsoft Windows Vista SP2, Windows Server 2008 SP2 and R2 SP1, Windows 7 SP1, Windows 8.1, Windows Server 2012 Gold and R2, Windows RT 8.1, Windows 10 Gold, 1511, and 1607, and Windows Server 2016 allows local users to gain privileges via a crafted application, aka ""Windows Common Log File System Driver Elevation of Privilege Vulnerability,"" a different vulnerability than CVE-2016-0026, CVE-2016-3332, CVE-2016-3334, CVE-2016-3335, CVE-2016-3338, CVE-2016-3340, CVE-2016-3342, CVE-2016-3343, and CVE-2016-7184."
49,50,CVE-2016-3332,119.0,,Overflow +Priv,11/10/2016,7/27/2017,9.3,None,Remote,Medium,Not required,Complete,Complete,Complete,"The Common Log File System (CLFS) driver in Microsoft Windows Vista SP2, Windows Server 2008 SP2 and R2 SP1, Windows 7 SP1, Windows 8.1, Windows Server 2012 Gold and R2, Windows RT 8.1, Windows 10 Gold, 1511, and 1607, and Windows Server 2016 allows local users to gain privileges via a crafted application, aka ""Windows Common Log File System Driver Elevation of Privilege Vulnerability,"" a different vulnerability than CVE-2016-0026, CVE-2016-3333, CVE-2016-3334, CVE-2016-3335, CVE-2016-3338, CVE-2016-3340, CVE-2016-3342, CVE-2016-3343, and CVE-2016-7184."
50,51,CVE-2016-3311,264.0,,Priv,8/9/2016,11/28/2016,7.2,None,Local,Low,Not required,Complete,Complete,Complete,"The kernel-mode drivers in Microsoft Windows Vista SP2; Windows Server 2008 SP2 and R2 SP1; Windows 7 SP1; Windows 8.1; Windows Server 2012 Gold and R2; Windows RT 8.1; and Windows 10 Gold, 1511, and 1607 allow local users to gain privileges via a crafted application, aka ""Win32k Elevation of Privilege Vulnerability,"" a different vulnerability than CVE-2016-3308, CVE-2016-3309, and CVE-2016-3310."
51,52,CVE-2016-3310,264.0,,Priv,8/9/2016,11/28/2016,7.2,None,Local,Low,Not required,Complete,Complete,Complete,"The kernel-mode drivers in Microsoft Windows Vista SP2; Windows Server 2008 SP2 and R2 SP1; Windows 7 SP1; Windows 8.1; Windows Server 2012 Gold and R2; Windows RT 8.1; and Windows 10 Gold, 1511, and 1607 allow local users to gain privileges via a crafted application, aka ""Win32k Elevation of Privilege Vulnerability,"" a different vulnerability than CVE-2016-3308, CVE-2016-3309, and CVE-2016-3311."
52,53,CVE-2016-3309,264.0,,Priv,8/9/2016,10/8/2017,7.2,None,Local,Low,Not required,Complete,Complete,Complete,"The kernel-mode drivers in Microsoft Windows Vista SP2; Windows Server 2008 SP2 and R2 SP1; Windows 7 SP1; Windows 8.1; Windows Server 2012 Gold and R2; Windows RT 8.1; and Windows 10 Gold, 1511, and 1607 allow local users to gain privileges via a crafted application, aka ""Win32k Elevation of Privilege Vulnerability,"" a different vulnerability than CVE-2016-3308, CVE-2016-3310, and CVE-2016-3311."
53,54,CVE-2016-3308,264.0,,Priv,8/9/2016,11/28/2016,7.2,None,Local,Low,Not required,Complete,Complete,Complete,"The kernel-mode drivers in Microsoft Windows Vista SP2; Windows Server 2008 SP2 and R2 SP1; Windows 7 SP1; Windows 8.1; Windows Server 2012 Gold and R2; Windows RT 8.1; and Windows 10 Gold, 1511, and 1607 allow local users to gain privileges via a crafted application, aka ""Win32k Elevation of Privilege Vulnerability,"" a different vulnerability than CVE-2016-3309, CVE-2016-3310, and CVE-2016-3311."
54,55,CVE-2016-3306,19.0,,Priv,9/14/2016,7/29/2017,4.6,None,Local,Low,Not required,Partial,Partial,Partial,"The kernel in Microsoft Windows Vista SP2, Windows Server 2008 SP2 and R2 SP1, Windows 7 SP1, Windows 8.1, Windows Server 2012 Gold and R2, Windows RT 8.1, and Windows 10 Gold, 1511, and 1607 mishandles session objects, which allows local users to hijack sessions, and consequently gain privileges, via a crafted application, aka ""Windows Session Object Elevation of Privilege Vulnerability,"" a different vulnerability than CVE-2016-3305."
55,56,CVE-2016-3305,19.0,,Priv,9/14/2016,7/29/2017,4.6,None,Local,Low,Not required,Partial,Partial,Partial,"The kernel in Microsoft Windows Vista SP2, Windows Server 2008 SP2 and R2 SP1, Windows 7 SP1, Windows 8.1, Windows Server 2012 Gold and R2, Windows RT 8.1, and Windows 10 Gold, 1511, and 1607 mishandles session objects, which allows local users to hijack sessions, and consequently gain privileges, via a crafted application, aka ""Windows Session Object Elevation of Privilege Vulnerability,"" a different vulnerability than CVE-2016-3306."
56,57,CVE-2016-3286,264.0,,Priv,7/12/2016,8/31/2017,7.2,None,Local,Low,Not required,Complete,Complete,Complete,"The kernel-mode drivers in Microsoft Windows Vista SP2, Windows Server 2008 SP2 and R2 SP1, Windows 7 SP1, Windows 8.1, Windows Server 2012 Gold and R2, Windows RT 8.1, and Windows 10 Gold and 1511 allow local users to gain privileges via a crafted application, aka ""Win32k Elevation of Privilege Vulnerability,"" a different vulnerability than CVE-2016-3249, CVE-2016-3252, and CVE-2016-3254."
57,58,CVE-2016-3270,264.0,,Priv,10/13/2016,7/29/2017,10.0,None,Remote,Low,Not required,Complete,Complete,Complete,"The Graphics component in the kernel in Microsoft Windows Vista SP2; Windows Server 2008 SP2 and R2 SP1; Windows 7 SP1; Windows 8.1; Windows Server 2012 Gold and R2; Windows RT 8.1; and Windows 10 Gold, 1511, and 1607 allows local users to gain privileges via a crafted application, aka ""Win32k Elevation of Privilege Vulnerability."""
58,59,CVE-2016-3266,264.0,,Priv,10/13/2016,7/29/2017,10.0,None,Remote,Low,Not required,Complete,Complete,Complete,"The kernel-mode drivers in Microsoft Windows Vista SP2, Windows Server 2008 SP2 and R2 SP1, Windows 7 SP1, Windows 8.1, Windows Server 2012 Gold and R2, Windows RT 8.1, and Windows 10 Gold, 1511, and 1607 allow local users to gain privileges via a crafted application, aka ""Win32k Elevation of Privilege Vulnerability,"" a different vulnerability than CVE-2016-3376, CVE-2016-7185, and CVE-2016-7211."
59,60,CVE-2016-3254,264.0,,Priv,7/12/2016,8/31/2017,7.2,None,Local,Low,Not required,Complete,Complete,Complete,"The kernel-mode drivers in Microsoft Windows Vista SP2, Windows Server 2008 SP2 and R2 SP1, Windows 7 SP1, Windows 8.1, Windows Server 2012 Gold and R2, Windows RT 8.1, and Windows 10 Gold and 1511 allow local users to gain privileges via a crafted application, aka ""Win32k Elevation of Privilege Vulnerability,"" a different vulnerability than CVE-2016-3249, CVE-2016-3252, and CVE-2016-3286."
60,61,CVE-2016-3252,264.0,,Priv,7/12/2016,8/31/2017,7.2,None,Local,Low,Not required,Complete,Complete,Complete,"The kernel-mode drivers in Microsoft Windows Vista SP2, Windows Server 2008 SP2 and R2 SP1, Windows 7 SP1, Windows 8.1, Windows Server 2012 Gold and R2, Windows RT 8.1, and Windows 10 Gold and 1511 allow local users to gain privileges via a crafted application, aka ""Win32k Elevation of Privilege Vulnerability,"" a different vulnerability than CVE-2016-3249, CVE-2016-3254, and CVE-2016-3286."
61,62,CVE-2016-3250,264.0,,Priv,7/12/2016,8/31/2017,7.2,None,Local,Low,Not required,Complete,Complete,Complete,"The kernel-mode drivers in Microsoft Windows Server 2012 and Windows 10 Gold and 1511 allow local users to gain privileges via a crafted application, aka ""Win32k Elevation of Privilege Vulnerability."""
62,63,CVE-2016-3249,264.0,,Priv,7/12/2016,8/31/2017,7.2,None,Local,Low,Not required,Complete,Complete,Complete,"The kernel-mode drivers in Microsoft Windows Vista SP2, Windows Server 2008 SP2 and R2 SP1, Windows 7 SP1, Windows 8.1, Windows Server 2012 Gold and R2, Windows RT 8.1, and Windows 10 Gold and 1511 allow local users to gain privileges via a crafted application, aka ""Win32k Elevation of Privilege Vulnerability,"" a different vulnerability than CVE-2016-3252, CVE-2016-3254, and CVE-2016-3286."
63,64,CVE-2016-3239,264.0,,Priv,7/12/2016,8/31/2017,7.2,None,Local,Low,Not required,Complete,Complete,Complete,"The Print Spooler service in Microsoft Windows Vista SP2, Windows Server 2008 SP2 and R2 SP1, Windows 7 SP1, Windows 8.1, Windows Server 2012 Gold and R2, Windows RT 8.1, and Windows 10 Gold and 1511 allows local users to gain privileges via vectors involving filesystem write operations, aka ""Windows Print Spooler Elevation of Privilege Vulnerability."""
64,65,CVE-2016-3225,264.0,,Priv,6/15/2016,11/29/2016,6.9,None,Local,Medium,Not required,Complete,Complete,Complete,"The SMB server component in Microsoft Windows Vista SP2, Windows Server 2008 SP2 and R2 SP1, Windows 7 SP1, Windows 8.1, Windows Server 2012 Gold and R2, Windows RT 8.1, and Windows 10 Gold and 1511 allows local users to gain privileges via a crafted application that forwards an authentication request to an unintended service, aka ""Windows SMB Server Elevation of Privilege Vulnerability."""
65,66,CVE-2016-3223,264.0,,Priv,6/15/2016,9/2/2017,9.3,None,Remote,Medium,Not required,Complete,Complete,Complete,"Microsoft Windows Vista SP2, Windows Server 2008 SP2 and R2 SP1, Windows 7 SP1, Windows 8.1, Windows Server 2012 Gold and R2, Windows RT 8.1, and Windows 10 Gold and 1511 mishandle LDAP authentication, which allows man-in-the-middle attackers to gain privileges by modifying group-policy update data within a domain-controller data stream, aka ""Group Policy Elevation of Privilege Vulnerability."""
66,67,CVE-2016-3221,264.0,,Priv,6/15/2016,11/29/2016,6.9,None,Local,Medium,Not required,Complete,Complete,Complete,"The kernel-mode drivers in Microsoft Windows Vista SP2, Windows Server 2008 SP2 and R2 SP1, Windows 7 SP1, Windows 8.1, Windows Server 2012 Gold and R2, Windows RT 8.1, and Windows 10 Gold and 1511 allow local users to gain privileges via a crafted application, aka ""Win32k Elevation of Privilege Vulnerability,"" a different vulnerability than CVE-2016-3218."
67,68,CVE-2016-3220,264.0,,Priv,6/15/2016,9/6/2017,6.9,None,Local,Medium,Not required,Complete,Complete,Complete,"atmfd.dll in the Adobe Type Manager Font Driver in Microsoft Windows Vista SP2, Windows Server 2008 SP2 and R2 SP1, Windows 7 SP1, Windows 8.1, Windows Server 2012 Gold and R2, Windows RT 8.1, and Windows 10 Gold and 1511 allows local users to gain privileges via a crafted application, aka ""ATMFD.dll Elevation of Privilege Vulnerability."""
68,69,CVE-2016-3219,264.0,,Priv,6/15/2016,9/6/2017,6.9,None,Local,Medium,Not required,Complete,Complete,Complete,"The kernel-mode driver in Microsoft Windows 10 Gold and 1511 allows local users to gain privileges via a crafted application, aka ""Win32k Elevation of Privilege Vulnerability."""
69,70,CVE-2016-3218,264.0,,Priv,6/15/2016,11/29/2016,6.9,None,Local,Medium,Not required,Complete,Complete,Complete,"The kernel-mode drivers in Microsoft Windows Vista SP2, Windows Server 2008 SP2 and R2 SP1, Windows 7 SP1, Windows 8.1, Windows Server 2012 Gold and R2, Windows RT 8.1, and Windows 10 Gold and 1511 allow local users to gain privileges via a crafted application, aka ""Win32k Elevation of Privilege Vulnerability,"" a different vulnerability than CVE-2016-3221."
70,71,CVE-2016-3213,264.0,,Priv,6/15/2016,11/29/2016,9.3,None,Remote,Medium,Not required,Complete,Complete,Complete,"The Web Proxy Auto Discovery (WPAD) protocol implementation in Microsoft Windows Vista SP2, Windows Server 2008 SP2 and R2 SP1, Windows 7 SP1, Windows 8.1, Windows Server 2012 Gold and R2, Windows RT 8.1, Windows 10 Gold and 1511, and Internet Explorer 9 through 11 has an improper fallback mechanism, which allows remote attackers to gain privileges via NetBIOS name responses, aka ""WPAD Elevation of Privilege Vulnerability."""
71,72,CVE-2016-0197,264.0,,Priv,5/10/2016,11/28/2016,7.2,None,Local,Low,Not required,Complete,Complete,Complete,"dxgkrnl.sys in the DirectX Graphics kernel subsystem in the kernel-mode drivers in Microsoft Windows Vista SP2, Windows Server 2008 SP2 and R2 SP1, Windows 7 SP1, Windows 8.1, Windows Server 2012 Gold and R2, Windows RT 8.1, and Windows 10 Gold and 1511 allows local users to gain privileges via a crafted application, aka ""Microsoft DirectX Graphics Kernel Subsystem Elevation of Privilege Vulnerability."""
72,73,CVE-2016-0196,264.0,,Priv,5/10/2016,11/30/2016,7.2,None,Local,Low,Not required,Complete,Complete,Complete,"The kernel-mode drivers in Microsoft Windows Vista SP2, Windows Server 2008 SP2 and R2 SP1, Windows 7 SP1, Windows 8.1, Windows Server 2012 Gold and R2, Windows RT 8.1, and Windows 10 Gold and 1511 allow local users to gain privileges via a crafted application, aka ""Win32k Elevation of Privilege Vulnerability,"" a different vulnerability than CVE-2016-0171, CVE-2016-0173, and CVE-2016-0174."
73,74,CVE-2016-0180,264.0,,Priv,5/10/2016,11/28/2016,7.2,None,Local,Low,Not required,Complete,Complete,Complete,"The kernel in Microsoft Windows Vista SP2, Windows Server 2008 SP2 and R2 SP1, Windows 7 SP1, Windows 8.1, Windows Server 2012 Gold and R2, Windows RT 8.1, and Windows 10 Gold and 1511 mishandles symbolic links, which allows local users to gain privileges via a crafted application, aka ""Windows Kernel Elevation of Privilege Vulnerability."""
74,75,CVE-2016-0176,264.0,,Priv,5/10/2016,11/30/2016,7.2,None,Local,Low,Not required,Complete,Complete,Complete,"dxgkrnl.sys in the DirectX Graphics kernel subsystem in the kernel-mode drivers in Microsoft Windows 7 SP1, Windows Server 2008 R2 SP1, Windows 8.1, Windows Server 2012 Gold and R2, Windows RT 8.1, and Windows 10 Gold and 1511 allows local users to gain privileges via a crafted application, aka ""Microsoft DirectX Graphics Kernel Subsystem Elevation of Privilege Vulnerability."""
75,76,CVE-2016-0174,264.0,,Priv,5/10/2016,11/30/2016,7.2,None,Local,Low,Not required,Complete,Complete,Complete,"The kernel-mode drivers in Microsoft Windows Vista SP2, Windows Server 2008 SP2 and R2 SP1, Windows 7 SP1, Windows 8.1, Windows Server 2012 Gold and R2, Windows RT 8.1, and Windows 10 Gold and 1511 allow local users to gain privileges via a crafted application, aka ""Win32k Elevation of Privilege Vulnerability,"" a different vulnerability than CVE-2016-0171, CVE-2016-0173, and CVE-2016-0196."
76,77,CVE-2016-0173,264.0,,Priv,5/10/2016,11/30/2016,7.2,None,Local,Low,Not required,Complete,Complete,Complete,"The kernel-mode drivers in Microsoft Windows Vista SP2, Windows Server 2008 SP2 and R2 SP1, Windows 7 SP1, Windows 8.1, Windows Server 2012 Gold and R2, Windows RT 8.1, and Windows 10 Gold and 1511 allow local users to gain privileges via a crafted application, aka ""Win32k Elevation of Privilege Vulnerability,"" a different vulnerability than CVE-2016-0171, CVE-2016-0174, and CVE-2016-0196."
77,78,CVE-2016-0171,264.0,,Priv,5/10/2016,11/29/2016,7.2,None,Local,Low,Not required,Complete,Complete,Complete,"The kernel-mode drivers in Microsoft Windows Vista SP2, Windows Server 2008 SP2 and R2 SP1, Windows 7 SP1, Windows 8.1, Windows Server 2012 Gold and R2, Windows RT 8.1, and Windows 10 Gold and 1511 allow local users to gain privileges via a crafted application, aka ""Win32k Elevation of Privilege Vulnerability,"" a different vulnerability than CVE-2016-0173, CVE-2016-0174, and CVE-2016-0196."
78,79,CVE-2016-0167,264.0,,Priv,4/12/2016,12/2/2016,7.2,None,Local,Low,Not required,Complete,Complete,Complete,"The kernel-mode driver in Microsoft Windows Vista SP2, Windows Server 2008 SP2 and R2 SP1, Windows 7 SP1, Windows 8.1, Windows Server 2012 Gold and R2, Windows RT 8.1, and Windows 10 Gold and 1511 allows local users to gain privileges via a crafted application, aka ""Win32k Elevation of Privilege Vulnerability,"" a different vulnerability than CVE-2016-0143 and CVE-2016-0165."
79,80,CVE-2016-0165,264.0,,Priv,4/12/2016,4/24/2018,7.2,None,Local,Low,Not required,Complete,Complete,Complete,"The kernel-mode driver in Microsoft Windows Vista SP2, Windows Server 2008 SP2 and R2 SP1, Windows 7 SP1, Windows 8.1, Windows Server 2012 Gold and R2, Windows RT 8.1, and Windows 10 Gold and 1511 allows local users to gain privileges via a crafted application, aka ""Win32k Elevation of Privilege Vulnerability,"" a different vulnerability than CVE-2016-0143 and CVE-2016-0167."
80,81,CVE-2016-0151,264.0,,Priv,4/12/2016,9/6/2017,7.2,None,Local,Low,Not required,Complete,Complete,Complete,"The Client-Server Run-time Subsystem (CSRSS) in Microsoft Windows 8.1, Windows Server 2012 Gold and R2, Windows RT 8.1, and Windows 10 Gold and 1511 mismanages process tokens, which allows local users to gain privileges via a crafted application, aka ""Windows CSRSS Security Feature Bypass Vulnerability."""
81,82,CVE-2016-0143,264.0,,Priv,4/12/2016,4/11/2018,7.2,None,Local,Low,Not required,Complete,Complete,Complete,"The kernel-mode driver in Microsoft Windows Vista SP2, Windows Server 2008 SP2 and R2 SP1, Windows 7 SP1, Windows 8.1, Windows Server 2012 Gold and R2, Windows RT 8.1, and Windows 10 Gold and 1511 allows local users to gain privileges via a crafted application, aka ""Win32k Elevation of Privilege Vulnerability,"" a different vulnerability than CVE-2016-0165 and CVE-2016-0167."
82,83,CVE-2016-0135,119.0,,Overflow +Priv,4/12/2016,8/3/2016,7.2,None,Local,Low,Not required,Complete,Complete,Complete,"The Secondary Logon Service in Microsoft Windows 10 Gold and 1511 allows local users to gain privileges via a crafted application, aka ""Secondary Logon Elevation of Privilege Vulnerability."""
83,84,CVE-2016-0099,264.0,,Priv,3/9/2016,9/7/2017,7.2,None,Local,Low,Not required,Complete,Complete,Complete,"The Secondary Logon Service in Microsoft Windows Vista SP2, Windows Server 2008 SP2 and R2 SP1, Windows 7 SP1, Windows 8.1, Windows Server 2012 Gold and R2, Windows RT 8.1, and Windows 10 Gold and 1511 does not properly process request handles, which allows local users to gain privileges via a crafted application, aka ""Secondary Logon Elevation of Privilege Vulnerability."""
84,85,CVE-2016-0096,264.0,,Priv,3/9/2016,12/2/2016,7.2,None,Local,Low,Not required,Complete,Complete,Complete,"The kernel-mode driver in Microsoft Windows Vista SP2, Windows Server 2008 SP2 and R2 SP1, Windows 7 SP1, Windows 8.1, Windows Server 2012 Gold and R2, Windows RT 8.1, and Windows 10 Gold and 1511 allows local users to gain privileges via a crafted application, aka ""Win32k Elevation of Privilege Vulnerability,"" a different vulnerability than CVE-2016-0093, CVE-2016-0094, and CVE-2016-0095."
85,86,CVE-2016-0095,264.0,,Priv,3/9/2016,12/2/2016,7.2,None,Local,Low,Not required,Complete,Complete,Complete,"The kernel-mode driver in Microsoft Windows Vista SP2, Windows Server 2008 SP2 and R2 SP1, Windows 7 SP1, Windows 8.1, Windows Server 2012 Gold and R2, Windows RT 8.1, and Windows 10 Gold and 1511 allows local users to gain privileges via a crafted application, aka ""Win32k Elevation of Privilege Vulnerability,"" a different vulnerability than CVE-2016-0093, CVE-2016-0094, and CVE-2016-0096."
86,87,CVE-2016-0094,264.0,,Priv,3/9/2016,9/7/2017,7.2,None,Local,Low,Not required,Complete,Complete,Complete,"The kernel-mode driver in Microsoft Windows Vista SP2, Windows Server 2008 SP2 and R2 SP1, Windows 7 SP1, Windows 8.1, Windows Server 2012 Gold and R2, Windows RT 8.1, and Windows 10 Gold and 1511 allows local users to gain privileges via a crafted application, aka ""Win32k Elevation of Privilege Vulnerability,"" a different vulnerability than CVE-2016-0093, CVE-2016-0095, and CVE-2016-0096."
87,88,CVE-2016-0093,264.0,,Priv,3/9/2016,9/7/2017,7.2,None,Local,Low,Not required,Complete,Complete,Complete,"The kernel-mode driver in Microsoft Windows Vista SP2, Windows Server 2008 SP2 and R2 SP1, Windows 7 SP1, Windows 8.1, Windows Server 2012 Gold and R2, Windows RT 8.1, and Windows 10 Gold and 1511 allows local users to gain privileges via a crafted application, aka ""Win32k Elevation of Privilege Vulnerability,"" a different vulnerability than CVE-2016-0094, CVE-2016-0095, and CVE-2016-0096."
88,89,CVE-2016-0079,200.0,,Priv,10/13/2016,9/2/2017,2.1,None,Local,Low,Not required,Partial,None,None,"The kernel in Microsoft Windows 10 Gold, 1511, and 1607 allows local users to gain privileges via a crafted application that makes an API call to access sensitive information in the registry, aka ""Windows Kernel Local Elevation of Privilege Vulnerability."""
89,90,CVE-2016-0075,200.0,,Priv,10/13/2016,9/2/2017,2.1,None,Local,Low,Not required,Partial,None,None,"The kernel in Microsoft Windows 8.1, Windows Server 2012 Gold and R2, Windows RT 8.1, and Windows 10 Gold, 1511, and 1607 allows local users to gain privileges via a crafted application that makes an API call to access sensitive information in the registry, aka ""Windows Kernel Local Elevation of Privilege Vulnerability,"" a different vulnerability than CVE-2016-0073."
90,91,CVE-2016-0073,200.0,,Priv,10/13/2016,9/2/2017,2.1,None,Local,Low,Not required,Partial,None,None,"The kernel in Microsoft Windows 8.1, Windows Server 2012 Gold and R2, Windows RT 8.1, and Windows 10 Gold, 1511, and 1607 allows local users to gain privileges via a crafted application that makes an API call to access sensitive information in the registry, aka ""Windows Kernel Local Elevation of Privilege Vulnerability,"" a different vulnerability than CVE-2016-0075."
91,92,CVE-2016-0070,200.0,,Priv,10/13/2016,11/28/2016,4.3,None,Remote,Medium,Not required,Partial,None,None,"The kernel in Microsoft Windows Vista SP2, Windows Server 2008 SP2 and R2 SP1, Windows 7 SP1, Windows 8.1, Windows Server 2012 Gold and R2, Windows RT 8.1, and Windows 10 Gold, 1511, and 1607 allows local users to gain privileges via a crafted application that makes an API call to access sensitive information in the registry, aka ""Windows Kernel Local Elevation of Privilege Vulnerability."""
92,93,CVE-2016-0051,264.0,,Priv,2/10/2016,9/9/2017,7.2,None,Local,Low,Not required,Complete,Complete,Complete,"The WebDAV client in Microsoft Windows Vista SP2, Windows Server 2008 SP2 and R2 SP1, Windows 7 SP1, Windows 8.1, Windows Server 2012 Gold and R2, Windows RT 8.1, and Windows 10 Gold and 1511 allows local users to gain privileges via a crafted application, aka ""WebDAV Elevation of Privilege Vulnerability."""
93,94,CVE-2016-0048,264.0,,Priv,2/10/2016,12/5/2016,7.2,None,Local,Low,Not required,Complete,Complete,Complete,"The kernel-mode drivers in Microsoft Windows Vista SP2, Windows Server 2008 SP2 and R2 SP1, Windows 7 SP1, Windows 8.1, Windows Server 2012 Gold and R2, Windows RT 8.1, and Windows 10 Gold and 1511 allow local users to gain privileges via a crafted application, aka ""Win32k Elevation of Privilege Vulnerability."""
94,95,CVE-2016-0042,,,Exec Code +Priv,2/10/2016,12/5/2016,7.2,None,Local,Low,Not required,Complete,Complete,Complete,"Microsoft Windows Vista SP2, Windows Server 2008 SP2 and R2 SP1, Windows 7 SP1, Windows 8.1, Windows Server 2012 Gold and R2, Windows RT 8.1, and Windows 10 Gold and 1511 mishandle DLL loading, which allows local users to gain privileges via a crafted application, aka ""Windows DLL Loading Remote Code Execution Vulnerability."""
95,96,CVE-2016-0041,,,Exec Code +Priv,2/10/2016,12/5/2016,7.2,None,Local,Low,Not required,Complete,Complete,Complete,"Microsoft Windows Vista SP2, Windows Server 2008 SP2 and R2 SP1, Windows 7 SP1, Windows 8.1, Windows Server 2012 Gold and R2, Windows RT 8.1, Windows 10 Gold and 1511, and Internet Explorer 10 and 11 mishandle DLL loading, which allows local users to gain privileges via a crafted application, aka ""DLL Loading Remote Code Execution Vulnerability."""
96,97,CVE-2016-0026,119.0,,Overflow +Priv,11/10/2016,7/27/2017,9.3,None,Remote,Medium,Not required,Complete,Complete,Complete,"The Common Log File System (CLFS) driver in Microsoft Windows Vista SP2, Windows Server 2008 SP2 and R2 SP1, Windows 7 SP1, Windows 8.1, Windows Server 2012 Gold and R2, Windows RT 8.1, Windows 10 Gold, 1511, and 1607, and Windows Server 2016 allows local users to gain privileges via a crafted application, aka ""Windows Common Log File System Driver Elevation of Privilege Vulnerability,"" a different vulnerability than CVE-2016-3332, CVE-2016-3333, CVE-2016-3334, CVE-2016-3335, CVE-2016-3338, CVE-2016-3340, CVE-2016-3342, CVE-2016-3343, and CVE-2016-7184."
97,98,CVE-2016-0018,,,Exec Code +Priv,1/13/2016,12/7/2016,6.9,None,Local,Medium,Not required,Complete,Complete,Complete,"Microsoft Windows 7 SP1, Windows 8, Windows 8.1, Windows Server 2012 R2, and Windows 10 Gold and 1511 mishandle DLL loading, which allows local users to gain privileges via a crafted application, aka ""DLL Loading Remote Code Execution Vulnerability."""
98,99,CVE-2016-0016,,,Exec Code +Priv,1/13/2016,12/7/2016,6.9,None,Local,Medium,Not required,Complete,Complete,Complete,"Microsoft Windows Vista SP2, Windows Server 2008 SP2 and R2 SP1, Windows 7 SP1, Windows 8, Windows 8.1, Windows Server 2012 Gold and R2, Windows RT Gold and 8.1, and Windows 10 Gold and 1511 mishandle DLL loading, which allows local users to gain privileges via a crafted application, aka ""DLL Loading Remote Code Execution Vulnerability."""
99,100,CVE-2016-0014,,,Priv,1/13/2016,12/7/2016,6.9,None,Local,Medium,Not required,Complete,Complete,Complete,"Microsoft Windows Vista SP2, Windows Server 2008 SP2 and R2 SP1, Windows 7 SP1, Windows 8, Windows 8.1, Windows Server 2012 Gold and R2, Windows RT Gold and 8.1, and Windows 10 Gold and 1511 mishandle DLL loading, which allows local users to gain privileges via a crafted application, aka ""DLL Loading Elevation of Privilege Vulnerability."""
100,101,CVE-2016-0007,264.0,,Priv,1/13/2016,9/9/2017,6.9,None,Local,Medium,Not required,Complete,Complete,Complete,"The sandbox implementation in Microsoft Windows Vista SP2, Windows Server 2008 SP2 and R2 SP1, Windows 7 SP1, Windows 8, Windows 8.1, Windows Server 2012 Gold and R2, Windows RT Gold and 8.1, and Windows 10 Gold and 1511 mishandles reparse points, which allows local users to gain privileges via a crafted application, aka ""Windows Mount Point Elevation of Privilege Vulnerability,"" a different vulnerability than CVE-2016-0006."
101,102,CVE-2016-0006,264.0,,Priv,1/13/2016,9/9/2017,6.9,None,Local,Medium,Not required,Complete,Complete,Complete,"The sandbox implementation in Microsoft Windows Vista SP2, Windows Server 2008 SP2 and R2 SP1, Windows 7 SP1, Windows 8, Windows 8.1, Windows Server 2012 Gold and R2, Windows RT Gold and 8.1, and Windows 10 Gold and 1511 mishandles reparse points, which allows local users to gain privileges via a crafted application, aka ""Windows Mount Point Elevation of Privilege Vulnerability,"" a different vulnerability than CVE-2016-0007."
102,103,CVE-2015-6175,264.0,,Priv,12/9/2015,12/7/2016,7.2,None,Local,Low,Not required,Complete,Complete,Complete,"The kernel in Microsoft Windows 10 Gold allows local users to gain privileges via a crafted application, aka ""Windows Kernel Memory Elevation of Privilege Vulnerability."""
103,104,CVE-2015-6174,264.0,,Priv,12/9/2015,12/7/2016,7.2,None,Local,Low,Not required,Complete,Complete,Complete,"The kernel in Microsoft Windows Vista SP2, Windows Server 2008 SP2 and R2 SP1, Windows 7 SP1, Windows 8, Windows 8.1, Windows Server 2012 Gold and R2, Windows RT Gold and 8.1, and Windows 10 Gold and 1511 allows local users to gain privileges via a crafted application, aka ""Windows Kernel Memory Elevation of Privilege Vulnerability,"" a different vulnerability than CVE-2015-6171 and CVE-2015-6173."
104,105,CVE-2015-6173,264.0,,Priv,12/9/2015,12/7/2016,7.2,None,Local,Low,Not required,Complete,Complete,Complete,"The kernel in Microsoft Windows Vista SP2, Windows Server 2008 SP2 and R2 SP1, Windows 7 SP1, Windows 8, Windows 8.1, Windows Server 2012 Gold and R2, Windows RT Gold and 8.1, and Windows 10 Gold and 1511 allows local users to gain privileges via a crafted application, aka ""Windows Kernel Memory Elevation of Privilege Vulnerability,"" a different vulnerability than CVE-2015-6171 and CVE-2015-6174."
105,106,CVE-2015-6171,264.0,,Priv,12/9/2015,12/7/2016,7.2,None,Local,Low,Not required,Complete,Complete,Complete,"The kernel in Microsoft Windows Vista SP2, Windows Server 2008 SP2 and R2 SP1, Windows 7 SP1, Windows 8, Windows 8.1, Windows Server 2012 Gold and R2, Windows RT Gold and 8.1, and Windows 10 Gold and 1511 allows local users to gain privileges via a crafted application, aka ""Windows Kernel Memory Elevation of Privilege Vulnerability,"" a different vulnerability than CVE-2015-6173 and CVE-2015-6174."
106,107,CVE-2015-6133,264.0,,Exec Code +Priv,12/9/2015,9/12/2017,7.2,None,Local,Low,Not required,Complete,Complete,Complete,"Microsoft Windows 8, Windows 8.1, Windows Server 2012 Gold and R2, Windows RT Gold and 8.1, and Windows 10 Gold and 1511 mishandle library loading, which allows local users to gain privileges via a crafted application, aka ""Windows Library Loading Remote Code Execution Vulnerability."""
107,108,CVE-2015-6132,264.0,,Exec Code +Priv,12/9/2015,9/12/2017,7.2,None,Local,Low,Not required,Complete,Complete,Complete,"Microsoft Windows Vista SP2, Windows Server 2008 SP2 and R2 SP1, Windows 7 SP1, Windows 8, Windows 8.1, Windows Server 2012 Gold and R2, Windows RT Gold and 8.1, and Windows 10 Gold and 1511 mishandle library loading, which allows local users to gain privileges via a crafted application, aka ""Windows Library Loading Remote Code Execution Vulnerability."""
108,109,CVE-2015-6126,362.0,,DoS +Priv,12/9/2015,12/7/2016,7.2,None,Local,Low,Not required,Complete,Complete,Complete,"Race condition in the Pragmatic General Multicast (PGM) protocol implementation in Microsoft Windows Vista SP2, Windows Server 2008 SP2 and R2 SP1, Windows 7 SP1, Windows 8, Windows 8.1, Windows Server 2012 Gold and R2, Windows RT Gold and 8.1, and Windows 10 Gold and 1511 allows local users to gain privileges or cause a denial of service (use-after-free) via a crafted application, aka ""Windows PGM UAF Elevation of Privilege Vulnerability."""
109,110,CVE-2015-6101,264.0,,Priv,11/11/2015,9/12/2017,7.2,None,Local,Low,Not required,Complete,Complete,Complete,"The kernel in Microsoft Windows Vista SP2, Windows Server 2008 SP2 and R2 SP1, Windows 7 SP1, Windows 8, Windows 8.1, Windows Server 2012 Gold and R2, Windows RT Gold and 8.1, and Windows 10 Gold and 1511 allows local users to gain privileges via a crafted application, aka ""Windows Kernel Memory Elevation of Privilege Vulnerability,"" a different vulnerability than CVE-2015-6100."
110,111,CVE-2015-6100,264.0,,Priv,11/11/2015,9/12/2017,7.2,None,Local,Low,Not required,Complete,Complete,Complete,"The kernel in Microsoft Windows Vista SP2, Windows Server 2008 SP2 and R2 SP1, Windows 7 SP1, Windows 8, Windows 8.1, Windows Server 2012 Gold and R2, Windows RT Gold and 8.1, and Windows 10 Gold and 1511 allows local users to gain privileges via a crafted application, aka ""Windows Kernel Memory Elevation of Privilege Vulnerability,"" a different vulnerability than CVE-2015-6101."
111,112,CVE-2015-2554,264.0,,Priv,10/13/2015,9/13/2017,7.2,None,Local,Low,Not required,Complete,Complete,Complete,"The kernel in Microsoft Windows 8, Windows 8.1, Windows Server 2012 Gold and R2, Windows RT Gold and 8.1, and Windows 10 allows local users to gain privileges via a crafted application, aka ""Windows Object Reference Elevation of Privilege Vulnerability."""
112,113,CVE-2015-2553,20.0,,Priv,10/13/2015,12/12/2016,7.2,None,Local,Low,Not required,Complete,Complete,Complete,"The kernel in Microsoft Windows Vista SP2, Windows Server 2008 SP2 and R2 SP1, Windows 7 SP1, Windows 8, Windows 8.1, Windows Server 2012 Gold and R2, Windows RT Gold and 8.1, and Windows 10 mishandles junctions during mountpoint creation, which makes it easier for local users to gain privileges by leveraging certain sandbox access, aka ""Windows Mount Point Elevation of Privilege Vulnerability."""
113,114,CVE-2015-2550,264.0,,Priv,10/13/2015,12/12/2016,7.2,None,Local,Low,Not required,Complete,Complete,Complete,"The kernel in Microsoft Windows Vista SP2, Windows Server 2008 SP2 and R2 SP1, Windows 7 SP1, Windows 8, Windows 8.1, Windows Server 2012 Gold and R2, Windows RT Gold and 8.1, and Windows 10 allows local users to gain privileges via a crafted application, aka ""Windows Elevation of Privilege Vulnerability."""
114,115,CVE-2015-2549,264.0,,Priv,10/13/2015,12/12/2016,7.2,None,Local,Low,Not required,Complete,Complete,Complete,"The kernel in Microsoft Windows Vista SP2, Windows Server 2008 SP2 and R2 SP1, Windows 7 SP1, Windows 8, Windows 8.1, Windows Server 2012 Gold and R2, Windows RT Gold and 8.1, and Windows 10 allows local users to gain privileges via a crafted application, aka ""Windows Kernel Memory Corruption Vulnerability."""
115,116,CVE-2015-2546,119.0,,Overflow +Priv Mem. Corr.,9/8/2015,12/21/2016,7.2,None,Local,Low,Not required,Complete,Complete,Complete,"The kernel-mode driver in Microsoft Windows Vista SP2, Windows Server 2008 SP2 and R2 SP1, Windows 7 SP1, Windows 8, Windows 8.1, Windows Server 2012 Gold and R2, Windows RT Gold and 8.1, and Windows 10 allows local users to gain privileges via a crafted application, aka ""Win32k Memory Corruption Elevation of Privilege Vulnerability,"" a different vulnerability than CVE-2015-2511, CVE-2015-2517, and CVE-2015-2518."
116,117,CVE-2015-2528,20.0,,Priv,9/8/2015,9/15/2017,7.2,None,Local,Low,Not required,Complete,Complete,Complete,"Microsoft Windows 8, Windows 8.1, Windows Server 2012 Gold and R2, Windows RT Gold and 8.1, and Windows 10 do not properly constrain impersonation levels, which allows local users to gain privileges via a crafted application, aka ""Windows Task Management Elevation of Privilege Vulnerability,"" a different vulnerability than CVE-2015-2524."
117,118,CVE-2015-2527,264.0,,Priv,9/8/2015,9/15/2017,7.2,None,Local,Low,Not required,Complete,Complete,Complete,"The process-initialization implementation in win32k.sys in the kernel-mode drivers in Microsoft Windows 8, Windows 8.1, Windows Server 2012 Gold and R2, Windows RT Gold and 8.1, and Windows 10 does not properly constrain impersonation levels, which allows local users to gain privileges via a crafted application, aka ""Win32k Elevation of Privilege Vulnerability."""
118,119,CVE-2015-2524,264.0,,Priv,9/8/2015,9/15/2017,7.2,None,Local,Low,Not required,Complete,Complete,Complete,"Microsoft Windows 8, Windows 8.1, Windows Server 2012 Gold and R2, Windows RT Gold and 8.1, and Windows 10 do not properly constrain impersonation levels, which allows local users to gain privileges via a crafted application, aka ""Windows Task Management Elevation of Privilege Vulnerability,"" a different vulnerability than CVE-2015-2528."
119,120,CVE-2015-2518,264.0,,Priv,9/8/2015,9/15/2017,7.2,None,Local,Low,Not required,Complete,Complete,Complete,"The kernel-mode driver in Microsoft Windows Vista SP2, Windows Server 2008 SP2 and R2 SP1, Windows 7 SP1, Windows 8, Windows 8.1, Windows Server 2012 Gold and R2, Windows RT Gold and 8.1, and Windows 10 allows local users to gain privileges via a crafted application, aka ""Win32k Memory Corruption Elevation of Privilege Vulnerability,"" a different vulnerability than CVE-2015-2511, CVE-2015-2517, and CVE-2015-2546."
120,121,CVE-2015-2517,264.0,,Priv,9/8/2015,9/15/2017,7.2,None,Local,Low,Not required,Complete,Complete,Complete,"The kernel-mode driver in Microsoft Windows Vista SP2, Windows Server 2008 SP2 and R2 SP1, Windows 7 SP1, Windows 8, Windows 8.1, Windows Server 2012 Gold and R2, Windows RT Gold and 8.1, and Windows 10 allows local users to gain privileges via a crafted application, aka ""Win32k Memory Corruption Elevation of Privilege Vulnerability,"" a different vulnerability than CVE-2015-2511, CVE-2015-2518, and CVE-2015-2546."
121,122,CVE-2015-2512,264.0,,Priv,9/8/2015,9/15/2017,7.2,None,Local,Low,Not required,Complete,Complete,Complete,"The Adobe Type Manager Library in Microsoft Windows Vista SP2, Windows Server 2008 SP2 and R2 SP1, Windows 7 SP1, Windows 8, Windows 8.1, Windows Server 2012 Gold and R2, Windows RT Gold and 8.1, and Windows 10 allows local users to gain privileges via a crafted application, aka ""Font Driver Elevation of Privilege Vulnerability,"" a different vulnerability than CVE-2015-2507."
122,123,CVE-2015-2511,20.0,,Priv,9/8/2015,9/15/2017,7.2,None,Local,Low,Not required,Complete,Complete,Complete,"The kernel-mode driver in Microsoft Windows Vista SP2, Windows Server 2008 SP2 and R2 SP1, Windows 7 SP1, Windows 8, Windows 8.1, Windows Server 2012 Gold and R2, Windows RT Gold and 8.1, and Windows 10 allows local users to gain privileges via a crafted application, aka ""Win32k Memory Corruption Elevation of Privilege Vulnerability,"" a different vulnerability than CVE-2015-2517, CVE-2015-2518, and CVE-2015-2546."
123,124,CVE-2015-2508,264.0,,Priv,9/8/2015,9/15/2017,7.2,None,Local,Low,Not required,Complete,Complete,Complete,"The Adobe Type Manager Library in Microsoft Windows 10 allows local users to gain privileges via a crafted application, aka ""Font Driver Elevation of Privilege Vulnerability."""
124,125,CVE-2015-2507,264.0,,Priv,9/8/2015,9/15/2017,7.2,None,Local,Low,Not required,Complete,Complete,Complete,"The Adobe Type Manager Library in Microsoft Windows Vista SP2, Windows Server 2008 SP2 and R2 SP1, Windows 7 SP1, Windows 8, Windows 8.1, Windows Server 2012 Gold and R2, Windows RT Gold and 8.1, and Windows 10 allows local users to gain privileges via a crafted application, aka ""Font Driver Elevation of Privilege Vulnerability,"" a different vulnerability than CVE-2015-2512."
125,126,CVE-2015-2478,264.0,,Priv,11/11/2015,12/7/2016,7.2,None,Local,Low,Not required,Complete,Complete,Complete,"Microsoft Windows Vista SP2, Windows Server 2008 SP2 and R2 SP1, Windows 7 SP1, Windows 8, Windows 8.1, Windows Server 2012 Gold and R2, Windows RT Gold and 8.1, and Windows 10 Gold and 1511 allow local users to gain privileges via a crafted application that triggers a Winsock call referencing an invalid address, aka ""Winsock Elevation of Privilege Vulnerability."""
126,127,CVE-2015-2465,20.0,,Priv,8/14/2015,9/20/2017,2.1,None,Local,Low,Not required,None,Partial,None,"The Windows shell in Microsoft Windows Vista SP2, Windows Server 2008 SP2 and R2 SP1, Windows 7 SP1, Windows 8, Windows 8.1, Windows Server 2012 Gold and R2, Windows RT Gold and 8.1, and Windows 10 does not properly constrain impersonation levels, which allows local users to gain privileges via a crafted application, aka ""Windows Shell Security Feature Bypass Vulnerability."""
127,128,CVE-2015-2423,200.0,,Priv,8/14/2015,9/20/2017,4.3,None,Remote,Medium,Not required,Partial,None,None,"Microsoft Windows Vista SP2, Windows Server 2008 SP2 and R2 SP1, Windows 7 SP1, Windows 8, Windows 8.1, Windows Server 2012 Gold and R2, Windows RT Gold and 8.1, Windows 10, Excel 2007 SP3, PowerPoint 2007 SP3, Visio 2007 SP3, Word 2007 SP3, Office 2010 SP2, Excel 2010 SP2, PowerPoint 2010 SP2, Visio 2010 SP2, Word 2010 SP2, Excel 2013 SP1, PowerPoint 2013 SP1, Visio 2013 SP1, Word 2013 SP1, Excel 2013 RT SP1, PowerPoint 2013 RT SP1, Visio 2013 RT SP1, Word 2013 RT SP1, and Internet Explorer 7 through 11 allow remote attackers to gain privileges and obtain sensitive information via a crafted command-line parameter to an Office application or Notepad, as demonstrated by a transition from Low Integrity to Medium Integrity, aka ""Unsafe Command Line Parameter Passing Vulnerability."""
